id,org_name,grants_url,status,http_code,error,redirect_url
8,UNICEF,https://www.unicef.org/partnerships,FORBIDDEN,403,HTTP 403: Forbidden,
5,UNEP - UN Environment Programme,https://www.unep.org/funding-and-grants,FORBIDDEN,403,HTTP 403: Forbidden,
11,UNIDO - UN Industrial Development Organization,https://www.unido.org/overview-funding-unido,FORBIDDEN,403,HTTP 403: Forbidden,
1,UNDP - UN Development Programme,https://www.undp.org/funding,FORBIDDEN,403,HTTP 403: Forbidden,
6,WHO - World Health Organization,https://www.who.int/about/funding,OK,200,,
12,UN-Habitat,https://unhabitat.org/partners-and-donors,NOT_FOUND,404,HTTP 404: Not Found,
15,UNCTAD,https://unctad.org/funding,FORBIDDEN,403,HTTP 403: Forbidden,
7,FAO - Food and Agriculture Organization,https://www.fao.org/partnerships/resource-mobilization/en/,NOT_FOUND,404,HTTP 404: Not Found,
9,UN Women,https://www.unwomen.org/en/partnerships/civil-society,OK,200,,
2,UNESCO,https://www.unesco.org/en/funding-opportunities,NOT_FOUND,404,HTTP 404: Not Found,
13,UNFPA - UN Population Fund,https://www.unfpa.org/funding,NOT_FOUND,404,HTTP 404: Not Found,
3,ITU - International Telecommunication Union,https://www.itu.int/en/ITU-D/Pages/Funding.aspx,NOT_FOUND,404,HTTP 404: Not Found,
20,African Development Bank,https://www.afdb.org/en/topics-and-sectors/initiatives-partnerships/fund-for-african-private-sector-assistance,FORBIDDEN,403,HTTP 403: Forbidden,
10,ILO - International Labour Organization,https://www.ilo.org/global/about-the-ilo/funding/WCMS_166660/lang--en/index.htm,NOT_FOUND,404,HTTP 404: Not Found,
22,IDB Lab (formerly MIF),https://www.iadb.org/en/idblab,FORBIDDEN,403,HTTP 403: Forbidden,
19,Asian Development Bank,https://www.adb.org/work-with-us/funds/financing-partnership-facilities,NOT_FOUND,404,HTTP 404: Not Found,
14,WFP - World Food Programme,https://www.wfp.org/funding,OK,200,,
21,Inter-American Development Bank,https://iadb.org/en/how-we-are-funded/grants,FORBIDDEN,403,HTTP 403: Forbidden,
18,UNODC - UN Office on Drugs and Crime,https://www.unodc.org/unodc/en/donors/index.html,OK,200,,
26,Asian Infrastructure Investment Bank,https://www.aiib.org/en/about-aiib/who-we-are/partnership/index.html,OK,200,,
16,UNCDF - UN Capital Development Fund,https://www.uncdf.org/funding-windows,NOT_FOUND,404,HTTP 404: Not Found,
17,UN Global Pulse,https://www.unglobalpulse.org/,OK,200,,
31,Arab Fund for Economic and Social Development,https://www.arabfund.org/Default.aspx?pageId=2,FORBIDDEN,403,HTTP 403: Forbidden,
30,OPEC Fund for International Development,https://opecfund.org/what-we-do/grants,OK,200,,
28,Caribbean Development Bank,https://www.caribank.org/our-work/grants,NOT_FOUND,404,HTTP 404: Not Found,
33,UK FCDO - Foreign Commonwealth and Development Office,https://www.gov.uk/government/organisations/foreign-commonwealth-development-office/about/research,OK,200,,
24,European Bank for Reconstruction and Development,https://www.ebrd.com/work-with-us/civil-society.html,NOT_FOUND,404,HTTP 404: Not Found,
23,Islamic Development Bank,https://www.isdb.org/funding-opportunities,NOT_FOUND,404,HTTP 404: Not Found,
25,World Bank,https://www.worldbank.org/en/programs/grants,NOT_FOUND,404,HTTP 404: Not Found,
38,KOICA - Korea International Cooperation Agency,https://www.koica.go.kr/sites/koica_en/index.do,URL_ERROR,,[Errno 54] Connection reset by peer,
37,JICA - Japan International Cooperation Agency,https://www.jica.go.jp/english/our_work/contract_grants/index.html,NOT_FOUND,404,HTTP 404: Not Found,
34,GIZ - Deutsche Gesellschaft für Internationale Zusammenarbeit,https://www.giz.de/en/workingwithgiz/3232.html,NOT_FOUND,404,HTTP 404: Not Found,
29,CAF - Development Bank of Latin America,https://www.caf.com/en/topics/g/grants-and-donations/,NOT_FOUND,404,HTTP 404: Not Found,
32,USAID,https://www.usaid.gov/work-usaid/grant-contract-opportunities,NOT_FOUND,404,HTTP 404: Not Found,
42,SDC - Swiss Agency for Development and Cooperation,https://www.eda.admin.ch/sdc/en/home/about-sdc/how-we-work/grants.html,FORBIDDEN,403,HTTP 403: Forbidden,
40,Norad - Norwegian Agency for Development Cooperation,https://www.norad.no/en/front/funding/,OK,200,,https://www.norad.no/en/for-partners/
41,AFD - Agence Française de Développement,https://www.afd.fr/en/ressources-acceder/calls-for-projects,NOT_FOUND,404,HTTP 404: Not Found,
39,Sida - Swedish International Development Cooperation Agency,https://www.sida.se/en/apply-for-grants,NOT_FOUND,404,HTTP 404: Not Found,
35,IDRC - International Development Research Centre,https://idrc.ca/en/funding,OK,200,,https://idrc-crdi.ca/en/funding
44,DFID / UK Research and Innovation - UKRI,https://www.ukri.org/opportunity/,OK,200,,
27,New Development Bank,https://www.ndb.int/about-us/partnerships/,OK,200,,https://www.ndb.int/about-ndb/
50,DST - Department of Science and Technology India,https://www.dst.gov.in/scientific-programmes/scientific-engineering-research,FORBIDDEN,403,HTTP 403: Forbidden,
4,ITU AI for Good,https://aiforgood.itu.int/about-ai-for-good/scholar-programme/,NOT_FOUND,404,HTTP 404: Not Found,
51,SERB - Science and Engineering Research Board India,https://serb.gov.in/schemes.php,NOT_FOUND,404,HTTP 404: Not Found,
46,NWO - Dutch Research Council,https://www.nwo.nl/en/calls,OK,200,,
49,NRF - National Research Foundation South Africa,https://www.nrf.ac.za/funding-opportunities/,NOT_FOUND,404,HTTP 404: Not Found,
48,DFG - Deutsche Forschungsgemeinschaft,https://www.dfg.de/en/research_funding/programmes/index.html,OK,200,,https://www.dfg.de/en/research-funding/funding-opportunities/programmes
43,Irish Aid,https://www.irishaid.ie/funding/,OK,200,,https://www.ireland.ie/en/irish-aid/
53,NRF - National Research Foundation of Korea,https://www.nrf.re.kr/eng/main,FORBIDDEN,403,HTTP 403: 403,
56,NSTDA - National Science and Technology Development Agency Thailand,https://www.nstda.or.th/en/,OK,200,,
52,NRF - National Research Foundation Singapore,https://www.nrf.gov.sg/funding-grants,OK,200,,https://www.nrf.gov.sg/404.html
58,DOST - Department of Science and Technology Philippines,https://www.dost.gov.ph/funding-opportunities.html,OK,200,,https://www.dost.gov.ph/index.php?option=com_content&view=article&id=3751
57,BRIN - National Research and Innovation Agency Indonesia,https://www.brin.go.id/en/funding/,NOT_FOUND,404,HTTP 404: Not Found,
59,MOSTI - Ministry of Science Technology and Innovation Malaysia,https://www.mosti.gov.my/en/,OK,200,,
54,JSPS - Japan Society for the Promotion of Science,https://www.jsps.go.jp/english/index.html,OK,200,,
61,NSF Sri Lanka - National Science Foundation,https://www.nsf.gov.lk/research-grants/,NOT_FOUND,404,HTTP 404: Not Found,
55,NSTC - National Science and Technology Council Taiwan,https://www.nstc.gov.tw/folksonomy/detail/f7ae5d09-72db-42aa-b4e5-7c0b9f7d7d2a?l=en,NOT_FOUND,404,HTTP 404: 404,
64,CNPQ - Brazilian National Council for Scientific Research,https://www.gov.br/cnpq/pt-br/acesso-a-informacao/acoes-e-programas,FORBIDDEN,403,HTTP 403: Forbidden,
65,ANID - Agencia Nacional de Investigación y Desarrollo Chile,https://anid.cl/convocatorias/,NOT_FOUND,404,HTTP 404: Not Found,
62,NAST Nepal - Nepal Academy of Science and Technology,https://nast.gov.np/en/services/grants-scholarships,HTTP_500,500,HTTP 500: Internal Server Error,
68,Minciencias - Ministry of Science Technology and Innovation Colombia,https://minciencias.gov.co/convocatorias,OK,200,,
67,CONAHCYT - Consejo Nacional de Humanidades Ciencias y Tecnologías Mexico,https://conahcyt.mx/convocatorias/,OK,200,,https://secihti.mx/convocatorias/
71,QNRF - Qatar National Research Fund,https://www.qnrf.org/en-us/Funding/Research-Programs,OK,200,,https://qrdi.org.qa/en-US/
66,CONICET - Consejo Nacional de Investigaciones Científicas Argentina,https://www.conicet.gov.ar/convocatorias/,DNS_FAILURE,,"[Errno 8] nodename nor servname provided, or not known",
73,TRC - The Research Council Oman,https://www.trc.gov.om/funding/,TEMPORARY_ERROR,503,HTTP 503: Service Unavailable,
74,Jordan SRSF - Scientific Research Support Fund,https://www.srsf.gov.jo/En/Pages/FundingOpportunities.aspx,DNS_FAILURE,,"[Errno 8] nodename nor servname provided, or not known",
76,Egyptian STIFA - Science Technology and Innovation Funding Authority,https://stifa.sci.eg/,DNS_FAILURE,,"[Errno 8] nodename nor servname provided, or not known",
72,KFAS - Kuwait Foundation for the Advancement of Sciences,https://www.kfas.com/grants,NOT_FOUND,404,HTTP 404: Not Found,
75,CNRST - Centre National pour la Recherche Scientifique et Technique Morocco,https://www.cnrst.ma/index.php/fr/appels-a-projets,NOT_FOUND,404,HTTP 404: Not Found,
36,DFAT - Australian Department of Foreign Affairs and Trade,https://www.dfat.gov.au/development/grants-and-tenders,UNKNOWN_ERROR,,The read operation timed out,
77,Kenya NRF - National Research Fund,https://www.researchfund.go.ke/grants,NOT_FOUND,404,HTTP 404: Not Found,
78,NACOSTI Kenya - National Commission for Science Technology and Innovation,https://www.nacosti.go.ke/licensing-and-funding/,NOT_FOUND,404,HTTP 404: Not Found,
79,NRF Nigeria - National Research Fund via TETFund,https://www.tetfund.gov.ng/index.php/research-and-development/ibr,NOT_FOUND,404,HTTP 404: Not Found,
45,Newton Fund - British Council,https://www.britishcouncil.org/education/science/newton-fund,UNKNOWN_ERROR,,The read operation timed out,
47,ANR - Agence Nationale de la Recherche,https://anr.fr/en/open-calls-and-preannouncements/,UNKNOWN_ERROR,,The read operation timed out,
85,NCST Zambia - National Council for Scientific Research,https://www.nstc.gov.zm/,DNS_FAILURE,,"[Errno 8] nodename nor servname provided, or not known",
80,Uganda UNCST - National Council for Science and Technology,https://www.uncst.go.ug/research-grants/,NOT_FOUND,404,HTTP 404: Not Found,
87,Ministry of Science and Technology Bangladesh,https://most.gov.bd/site/page/fellowship-scholarship,NOT_FOUND,404,HTTP 404: Not Found,
60,PSF - Pakistan Science Foundation,https://www.psf.gov.pk/,URL_ERROR,,timed out,
88,Polish NCN - National Science Centre,https://www.ncn.gov.pl/en/finansowanie-nauki/programy-i-konkursy,FORBIDDEN,403,HTTP 403: Forbidden,
63,Vietnam MOST - Ministry of Science and Technology Vietnam,https://www.most.gov.vn/en/,URL_ERROR,,timed out,
89,Czech GACR - Grant Agency of the Czech Republic,https://gacr.cz/en/,OK,200,,
90,Slovak APVV - Slovak Research and Development Agency,https://www.apvv.sk/en.html,NOT_FOUND,404,HTTP 404: Not Found,
92,Armenian Science Committee,https://www.sci.am/en/,NOT_FOUND,404,HTTP 404: Not Found,
93,Mozilla Foundation,https://foundation.mozilla.org/en/what-we-fund/,OK,200,,https://www.mozillafoundation.org/en/what-we-do/grantmaking/
94,Open Society Foundations,https://www.opensocietyfoundations.org/grants,OK,200,,
82,Rwanda MINEDUC / RDB Research,https://www.rdb.rw/home/key-sectors/innovation-technology/,NOT_FOUND,404,HTTP 404: Not Found,
70,SENESCYT - Secretaría de Educación Superior Ecuador,https://www.senescyt.gob.ec/web/guest/becas-convocatorias,URL_ERROR,,timed out,
97,Ford Foundation,https://www.fordfoundation.org/work/our-grants/,OK,200,,
83,Ethiopia MINT - Ministry of Innovation and Technology,https://www.mint.gov.et/,CONNECTION_REFUSED,,[Errno 61] Connection refused,
69,CONCYTEC - Consejo Nacional de Ciencia Tecnología e Innovación Perú,https://concytec.gob.pe/convocatorias/,URL_ERROR,,timed out,
96,Rockefeller Foundation,https://www.rockefellerfoundation.org/grants/,OK,200,,https://www.rockefellerfoundation.org/our-grants/
95,Wellcome Trust,https://wellcome.org/grant-funding,OK,200,,https://wellcome.org/research-funding
81,Tanzania COSTECH - Commission for Science and Technology,https://www.costech.or.tz/grants/,OK,200,,
91,Georgian GNSF - Georgian National Science Foundation,https://rustaveli.org.ge/index.php/en/,NOT_FOUND,404,HTTP 404: Not Found,
99,Omidyar Network,https://omidyar.com/our-approach/,OK,200,,https://omidyar.com/how-we-invest/our-approach/
103,Schmidt Sciences,https://www.schmidtsciences.org/funding-opportunities/,NOT_FOUND,404,HTTP 404: Not Found,
98,MacArthur Foundation,https://www.macfound.org/programs/,OK,200,,
107,Sloan Foundation,https://sloan.org/grants/apply,FORBIDDEN,403,HTTP 403: Forbidden,
102,Patrick J. McGovern Foundation,https://www.mcgovern.org/apply/,NOT_FOUND,404,HTTP 404: Not Found,
100,Hewlett Foundation,https://hewlett.org/grants/,OK,200,,
101,Luminate,https://luminategroup.com/funding,OK,200,,
111,Survival and Flourishing Fund,https://survivalandflourishing.fund/,OK,200,,
109,Long-Term Future Fund (LTFF),https://funds.effectivealtruism.org/funds/far-future,OK,200,,
112,Manifund - Regrants,https://manifund.org/,RATE_LIMITED,429,HTTP 429: Too Many Requests,
110,EA Infrastructure Fund,https://funds.effectivealtruism.org/funds/ea-community,OK,200,,
105,Oak Foundation,https://oakfnd.org/what-we-fund/,NOT_FOUND,404,HTTP 404: Not Found,
117,Emergent Ventures,https://www.mercatus.org/emergent-ventures,FORBIDDEN,403,HTTP 403: Forbidden,
115,Center for AI Safety,https://safe.ai/,OK,200,,
114,Apart Research,https://www.apartresearch.com/grants,NOT_FOUND,404,HTTP 404: Not Found,
108,Carnegie Corporation of New York,https://www.carnegie.org/grants/,OK,200,,
113,Future of Life Institute,https://futureoflife.org/grant-programs/,OK,200,,https://futureoflife.org/our-work/grantmaking-work/
122,Fulbright Program,https://www.fulbright.gov/,DNS_FAILURE,,"[Errno 8] nodename nor servname provided, or not known",
116,Alignment Research Center,https://www.alignment.org/,OK,200,,
106,Open Philanthropy,https://www.openphilanthropy.org/how-to-apply/,FORBIDDEN,403,HTTP 403: Forbidden,
118,Horizon Europe,https://ec.europa.eu/info/funding-tenders/opportunities/portal/screen/home,OK,200,,
119,ERC - European Research Council,https://erc.europa.eu/apply-grant,OK,200,,
120,Marie Skłodowska-Curie Actions,https://marie-sklodowska-curie-actions.ec.europa.eu/,OK,200,,
104,Skoll Foundation,https://skoll.org/about/how-we-work/,OK,200,,https://skoll.org/
124,Leverhulme Trust,https://www.leverhulme.ac.uk/funding/,FORBIDDEN,403,HTTP 403: Forbidden,
123,British Academy,https://www.thebritishacademy.ac.uk/funding/,FORBIDDEN,403,HTTP 403: Forbidden,
131,Asia Foundation,https://asiafoundation.org/what-we-do/grants/,FORBIDDEN,403,HTTP 403: Forbidden,
84,Ghana Research and Innovation Fund,https://www.mesti.gov.gh/research-innovation-fund/,NOT_FOUND,404,HTTP 404: Not Found,
128,Sasakawa Peace Foundation,https://www.spf.org/en/programs/grants.html,NOT_FOUND,404,HTTP 404: Not Found,
127,Korea Foundation,https://www.kf.or.kr/kfen/pgm/pPgmList.do,OK,200,,
126,Japan Foundation,https://www.jpf.go.jp/e/program/index.html,OK,200,,
135,Mo Ibrahim Foundation,https://mo.ibrahim.foundation/,FORBIDDEN,403,HTTP 403: Forbidden,
125,DAAD - German Academic Exchange Service,https://www.daad.de/en/find-funding/,NOT_FOUND,404,HTTP 404: Not Found,
132,East-West Center,https://www.eastwestcenter.org/research/fellowships-and-grants,FORBIDDEN,403,HTTP 403: Forbidden,
136,Tata Trusts,https://www.tatatrusts.org/our-work/grants,OK,200,,
121,Alexander von Humboldt Foundation,https://www.humboldt-foundation.de/en/apply,OK,200,,https://www.humboldt-foundation.de/en/apply/sponsorship-programmes
139,BRAC,https://www.brac.net/research/,NOT_FOUND,404,HTTP 404: Not Found,
133,Mastercard Foundation,https://mastercardfdn.org/funding/,NOT_FOUND,404,HTTP 404: Not Found,
138,J-PAL - Abdul Latif Jameel Poverty Action Lab,https://www.povertyactionlab.org/funding,NOT_FOUND,404,HTTP 404: Not Found,
129,Nippon Foundation,https://www.nippon-foundation.or.jp/en/grant_application/,NOT_FOUND,404,HTTP 404: Not Found,
144,Google.org,https://www.google.org/our-work/,OK,200,,https://www.google.org/
141,OECD.AI Policy Observatory,https://oecd.ai/en/,OK,200,,
146,Meta AI for Social Impact,https://socialimpact.facebook.com/,HTTP_400,400,HTTP 400: Bad Request,
142,Partnership on AI,https://partnershiponai.org/fellowships/,NOT_FOUND,404,HTTP 404: Not Found,
137,Azim Premji Foundation,https://azimpremjiuniversity.edu.in/research-grants,OK,200,,https://azimpremjiuniversity.edu.in/cld/research-conferences-cld
130,Aga Khan Foundation,https://www.akdn.org/our-agencies/aga-khan-foundation/international-scholarship-programme,OK,200,,https://the.akdn/en/what-we-do/developing-human-capacity/education/international-scholarships
145,Microsoft AI for Good Lab,https://www.microsoft.com/en-us/ai/ai-for-good,OK,200,,https://www.microsoft.com/en-us/research/group/ai-for-good-research-lab/
148,Bloomberg Philanthropies,https://www.bloomberg.org/public-health/,FORBIDDEN,403,HTTP 403: Forbidden,
143,AI Safety Fund,https://www.aisafetyfund.org/,OK,200,,
140,GPAI - Global Partnership on AI,https://gpai.ai/projects/,OK,200,,https://oecd.ai/en/
134,Tony Elumelu Foundation,https://www.tonyelumelufoundation.org/tef-program/apply/,OK,200,,https://www.tonyelumelufoundation.org/
153,Alan Turing Institute,https://www.turing.ac.uk/work-turing/fellowships,FORBIDDEN,403,HTTP 403: Forbidden,
154,Schwartz Reisman Institute,https://srinstitute.utoronto.ca/programs,NOT_FOUND,404,HTTP 404: Not Found,
152,Allen Institute for AI (AI2),https://allenai.org/get-involved,NOT_FOUND,404,HTTP 404: Not Found,
157,Humanity AI Initiative,https://humanityai.ai/,OK,200,,
150,Gates Foundation - Grand Challenges,https://grandchallenges.org/explorations,NOT_FOUND,404,HTTP 404: Not Found,
156,AI Now Institute,https://ainowinstitute.org/,OK,200,,
147,Novo Nordisk Foundation,https://novonordiskfonden.dk/en/grants/,OK,200,,https://novonordiskfonden.dk/en/grant/
163,AfDB African Development Fund,https://www.afdb.org/en/topics-and-sectors/initiatives-partnerships/african-development-fund,FORBIDDEN,403,HTTP 403: Forbidden,
158,FCDO GCRF / UK Research Partnerships,https://www.ukri.org/what-we-do/browse-our-areas-of-investment-and-support/global-challenges-research-fund/,OK,200,,
149,Gavi - Vaccine Alliance,https://www.gavi.org/investing-gavi/innovative-financing,OK,200,,
161,CAS-TWAS - Chinese Academy of Sciences Fellowships,https://twas.org/opportunities/fellowships,OK,200,,
160,TWAS - The World Academy of Sciences,https://twas.org/opportunities/grants,NOT_FOUND,404,HTTP 404: Not Found,
159,Horizon Africa,https://ec.europa.eu/info/research-and-innovation/funding/funding-opportunities/horizon-europe/africa-initiative_en,NOT_FOUND,404,HTTP 404: Not Found,
164,ADB Technical Assistance,https://www.adb.org/what-we-do/grant/main,NOT_FOUND,404,HTTP 404: Not Found,
155,Montreal AI Ethics Institute,https://montrealethics.ai/get-involved/,NOT_FOUND,404,HTTP 404: Not Found,
171,Alfred P. Sloan Foundation Digital Technology Program,https://sloan.org/programs/digital-technology,FORBIDDEN,403,HTTP 403: Forbidden,
86,NCR Mozambique,https://www.mctes.gov.mz/,URL_ERROR,,timed out,
168,Children's Investment Fund Foundation (CIFF),https://ciff.org/about-us/how-we-work/grants/,OK,200,,https://ciff.org/page-not-found/
170,Open Research Fund - Open Knowledge Foundation,https://okfn.org/en/projects/,OK,200,,
151,CIFAR,https://cifar.ca/fellowships-and-grants/,NOT_FOUND,404,HTTP 404: Not Found,
176,Fulbright Specialist Program,https://www.fulbrightspecialist.org/,DNS_FAILURE,,"[Errno 8] nodename nor servname provided, or not known",
169,Wellcome Leap,https://wellcomeleap.org/programs/,OK,200,,https://wellcomeleap.org/not-found/
177,US National Endowment for Democracy,https://www.ned.org/apply-for-grant/,OK,200,,https://www.ned.org/apply-for-grant/en/
175,IREX,https://www.irex.org/programs,NOT_FOUND,404,HTTP 404: Not Found,
180,TED Audacious Project,https://audaciousproject.org/apply,OK,200,,
178,International Republican Institute (IRI),https://www.iri.org/,OK,200,,
165,IDRC Canada - AI for Development,https://idrc.ca/en/research-in-action/ai-development,NOT_FOUND,404,HTTP 404: Not Found,
181,Cipher Brief Network / Cybersecurity Research,https://www.thecipherbrief.com/,OK,200,,
162,Abdus Salam International Centre for Theoretical Physics (ICTP),https://www.ictp.it/programmes/fellowship-grants,NOT_FOUND,404,HTTP 404: Not Found,
166,Porticus Foundation,https://www.porticus.com/en/funding,NOT_FOUND,404,HTTP 404: Not Found,
174,European Journalism Centre (EJC) Grants,https://ejc.net/grants,OK,200,,https://ejc.net/funding
183,Carnegie Endowment for International Peace,https://carnegieendowment.org/fellowships,OK,200,,
172,MacArthur 100&Change,https://www.macfound.org/programs/100change/,OK,200,,https://www.macfound.org/programs/awards/100change/
187,Chatham House,https://www.chathamhouse.org/about-us/work-us/fellowships,FORBIDDEN,403,HTTP 403: Forbidden,
182,Belfer Center - Harvard Kennedy School,https://www.belfercenter.org/programs/fellowships,NOT_FOUND,404,HTTP 404: Not Found,
179,NDI - National Democratic Institute,https://www.ndi.org/democracy-grants,NOT_FOUND,404,HTTP 404: Not Found,
167,Laudes Foundation,https://laudesfoundation.org/grants/,NOT_FOUND,404,HTTP 404: Not Found,
184,Brookings Institution,https://www.brookings.edu/fellowships/,NOT_FOUND,404,HTTP 404: Not Found,
185,Wilson Center Fellowships,https://www.wilsoncenter.org/fellowship-overview,NOT_FOUND,404,HTTP 404: Not Found,
191,Lightspeed Grants,https://lightspeedgrants.org/,OK,200,,
173,Rockefeller Bellagio Center Residency,https://www.rockefellerfoundation.org/bellagio-center/residency-program/,OK,200,,https://www.rockefellerfoundation.org/fellowships-convenings/bellagio-center/residency-program/
190,AI Safety Support,https://www.aisafetysupport.org/funding,NOT_FOUND,404,HTTP 404: Not Found,
189,Oxford Internet Institute,https://www.oii.ox.ac.uk/study/doctoral-research/funding/,NOT_FOUND,404,HTTP 404: Not Found,
196,AAAS - American Association for the Advancement of Science,https://www.aaas.org/programs/science-technology-policy-fellowships,OK,200,,
193,KACST - King Abdulaziz City for Science and Technology Saudi Arabia,https://www.kacst.edu.sa/en/s/Pages/GrantsPrograms.aspx,DNS_FAILURE,,"[Errno 8] nodename nor servname provided, or not known",
194,Taiwan International Graduate Program (TIGP),https://tigp.sinica.edu.tw/,OK,200,,
195,UNESCO - L'Oreal for Women in Science,https://www.forwomeninscience.com/en/fellowships,NOT_FOUND,404,HTTP 404: Not Found,
192,Nonlinear Network,https://www.nonlinear.org/grants,NOT_FOUND,404,HTTP 404: Not Found,
188,RAND Corporation Fellowships,https://www.rand.org/about/edu_opp/fellowships.html,NOT_FOUND,404,HTTP 404: Not Found,
202,Ashoka Fellows,https://www.ashoka.org/en-us/program/ashoka-fellows,FORBIDDEN,403,HTTP 403: Forbidden,
205,Mava Foundation,https://www.mavafoundation.org/,DNS_FAILURE,,"[Errno 8] nodename nor servname provided, or not known",
206,Children's Climate Fund,https://childrensclimatefund.org/,DNS_FAILURE,,"[Errno 8] nodename nor servname provided, or not known",
197,Schmidt Futures,https://www.schmidtfutures.com/our-work/,OK,200,,https://www.schmidtsciences.org/
208,AI Governance Lab,https://aigovernancelab.org/,DNS_FAILURE,,"[Errno 8] nodename nor servname provided, or not known",
199,Patrick McGovern Foundation AI for Social Good,https://www.mcgovern.org/apply/,NOT_FOUND,404,HTTP 404: Not Found,
204,Omidyar Network India,https://www.omidyarnetwork.in/funding,URL_ERROR,,[SSL: TLSV1_ALERT_INTERNAL_ERROR] tlsv1 alert internal error (_ssl.c:1032),
186,Stimson Center,https://www.stimson.org/fellowships/,NOT_FOUND,404,HTTP 404: Not Found,
201,Echoing Green Fellowship,https://echoinggreen.org/fellowship/,OK,200,,
200,Global Innovation Fund,https://www.globalinnovation.fund/apply/,NOT_FOUND,404,HTTP 404: Not Found,
210,ASEAN Foundation,https://aseanfoundation.org/programmes/grants-and-scholarships/,NOT_FOUND,404,HTTP 404: Not Found,
207,Climate Emergency Fund,https://climateemergencyfund.org/apply/,OK,200,,https://www.climateemergencyfund.org/apply
211,AAS - African Academy of Sciences,https://www.aasciences.africa/programmes,OK,200,,
215,Pan African University - African Union,https://pau.africa/calls/,DNS_FAILURE,,"[Errno 8] nodename nor servname provided, or not known",
212,ARISE - African Research Initiative for Scientific Excellence,https://www.aasciences.africa/arise,NOT_FOUND,404,HTTP 404: Not Found,
213,CODESRIA - Council for the Development of Social Science Research in Africa,https://codesria.org/grants-and-fellowships/,HTTP_500,500,HTTP 500: Internal Server Error,
209,Regional Innovation Fund - African Union,https://au.int/en/funding,NOT_FOUND,404,HTTP 404: Not Found,
218,RUFORUM - Regional Universities Forum for Capacity Building in Agriculture,https://www.ruforum.org/grants,OK,200,,
203,Skoll World Forum - Edge Awardees,https://skoll.org/skoll-world-forum/,OK,200,,
221,ILRI - International Livestock Research Institute,https://www.ilri.org/research/fellowships,NOT_FOUND,404,HTTP 404: Not Found,
223,ICRISAT - International Crops Research Institute for the Semi-Arid Tropics,https://www.icrisat.org/fellowships/,NOT_FOUND,404,HTTP 404: Not Found,
220,IITA - International Institute of Tropical Agriculture,https://www.iita.org/fellowships/,NOT_FOUND,404,HTTP 404: Not Found,
219,ICIPE - International Centre of Insect Physiology and Ecology,https://www.icipe.org/research/fellowships,NOT_FOUND,404,HTTP 404: Not Found,
227,Alliance Bioversity-CIAT,https://alliancebioversity.org/what-we-do/fellowships/,DNS_FAILURE,,"[Errno 8] nodename nor servname provided, or not known",
222,WorldFish Center,https://www.worldfishcenter.org/research/fellowships,NOT_FOUND,404,HTTP 404: Not Found,
228,CLACSO - Latin American Council of Social Sciences,https://www.clacso.org/becas-y-subsidios/,NOT_FOUND,404,HTTP 404: Not Found,
226,CIMMYT - International Maize and Wheat Improvement Center,https://www.cimmyt.org/careers/fellowships/,NOT_FOUND,404,HTTP 404: Not Found,
224,IWMI - International Water Management Institute,https://www.iwmi.cgiar.org/about/fellowships/,NOT_FOUND,404,HTTP 404: Not Found,
230,CYTED - Ibero-American Programme for Science and Technology for Development,https://cyted.org/convocatorias/,NOT_FOUND,404,HTTP 404: Not Found,
225,IRRI - International Rice Research Institute,https://www.irri.org/work-with-us/fellowships,NOT_FOUND,404,HTTP 404: Not Found,
229,FLACSO - Latin American Faculty of Social Sciences,https://www.flacso.org/convocatorias,OK,200,,
214,AUDA-NEPAD - African Union Development Agency,https://www.nepad.org/grant-opportunities,NOT_FOUND,404,HTTP 404: Not Found,
216,African Development Foundation,https://www.adf.gov/apply/,DNS_FAILURE,,"[Errno 8] nodename nor servname provided, or not known",
232,FAPESP - São Paulo State Research Foundation,https://fapesp.br/oportunidades/,OK,200,,
236,SENACYT - National Secretariat of Science Technology and Innovation Guatemala,https://www.senacyt.gob.gt/convocatorias/,NOT_FOUND,404,HTTP 404: Not Found,
198,Simons Foundation,https://www.simonsfoundation.org/funding-opportunities/,OK,200,,
217,WASCAL - West African Science Service Centre on Climate Change,https://www.wascal.org/,OK,200,,https://wascal.org/
238,MERCOSUR RECYT - Meeting of Ministers of Science and Technology,https://www.mercosur.int/temas/ciencia-tecnologia-e-innovacion/,FORBIDDEN,403,HTTP 403: Forbidden,
242,SAARC - South Asian Association for Regional Cooperation Science Programs,https://www.saarc-sec.org/areaofcooperation/detail.php?activity_id=23,NOT_FOUND,404,HTTP 404: Not Found,
240,APN - Asia-Pacific Network for Global Change Research,https://www.apn-gcr.org/calls/,NOT_FOUND,404,HTTP 404: Not Found,
239,SEAMEO - Southeast Asian Ministers of Education Organization,https://www.seameo.org/Main_Programme/,NOT_FOUND,404,HTTP 404: Not Found,
246,SPREP - Secretariat of the Pacific Regional Environment Programme,https://www.sprep.org/funding-and-grants,FORBIDDEN,403,HTTP 403: Forbidden,
241,APCICT - Asia-Pacific Training Centre for ICT for Development,https://www.unapcict.org/,OK,200,,
231,CAPES - Coordination for the Improvement of Higher Education Personnel Brazil,https://www.capes.gov.br/bolsas/bolsas-no-exterior,FORBIDDEN,403,HTTP 403: Forbidden,
247,University of the South Pacific Research Office,https://www.usp.ac.fj/research/funding-opportunities/,FORBIDDEN,403,HTTP 403: Forbidden,
243,BIMSTEC - Bay of Bengal Initiative for Multi-Sectoral Technical and Economic Cooperation,https://www.bimstec.org/programme/science-and-technology/,NOT_FOUND,404,HTTP 404: Not Found,
249,NSFC - National Natural Science Foundation of China,https://www.nsfc.gov.cn/english/site_1/international/D5/index.html,FORBIDDEN,403,HTTP 403: Forbidden,
235,CONICIT - National Council for Scientific and Technological Research Costa Rica,https://www.conicit.go.cr/convocatorias.html,DNS_FAILURE,,"[Errno 8] nodename nor servname provided, or not known",
237,IANAS - Inter-American Network of Academies of Sciences,https://www.ianas.org/opportunities/,OK,200,,https://ianas.org/opportunities/
233,FAPERJ - Rio de Janeiro State Research Foundation,https://www.faperj.br/?id=2.2.3,NOT_FOUND,404,HTTP 404: Not Found,
250,CAS PIFI - Chinese Academy of Sciences President's International Fellowship Initiative,https://www.cas.cn/english/international/Fellowships/,NOT_FOUND,404,HTTP 404: Not Found,
256,Infosys Science Foundation,https://www.infosys-science-foundation.com/prize/,DNS_FAILURE,,"[Errno 8] nodename nor servname provided, or not known",
252,DBT - Department of Biotechnology India,https://dbtindia.gov.in/schemes-programmes/research-development,OK,200,,https://dbt.gov.in/schemes-programmes/research-development
248,Pacific Islands Forum Secretariat,https://www.forumsec.org/,OK,200,,https://forumsec.org/
244,IORA - Indian Ocean Rim Association,https://www.iora.int/en/programmes/academics-and-researchers,NOT_FOUND,404,HTTP 404: Not Found,
258,TATA Trusts Research Program,https://www.tatatrusts.org/our-work/grants-and-fellowships,OK,200,,
254,CSIR - Council of Scientific and Industrial Research India,https://www.csir.res.in/funding,NOT_FOUND,404,HTTP 404: Not Found,
257,Azim Premji University Research Grants,https://azimpremjiuniversity.edu.in/research-grants,OK,200,,https://azimpremjiuniversity.edu.in/cld/research-conferences-cld
251,China Scholarship Council (CSC),https://www.csc.edu.cn/studyabroad,HTTP_412,412,HTTP 412: Precondition Failed,
253,ICMR - Indian Council of Medical Research,https://www.icmr.gov.in/grant-fellowship.html,OK,200,,
259,ISESCO - Islamic World Educational Scientific and Cultural Organization,https://www.isesco.org.ma/grants-and-fellowships/,DNS_FAILURE,,"[Errno 8] nodename nor servname provided, or not known",
260,COMSTECH - Standing Committee on Scientific and Technological Cooperation of OIC,https://www.comstech.org/grants/,NOT_FOUND,404,HTTP 404: Not Found,
263,SESAME - Synchrotron-light for Experimental Science and Applications in the Middle East,https://www.sesame.org.jo/sesame/opportunities,NOT_FOUND,404,HTTP 404: Not Found,
262,ALECSO - Arab League Educational Cultural and Scientific Organization,https://www.alecso.org/nsite/en/grants,NOT_FOUND,404,HTTP 404: Not Found,
245,Pacific Community (SPC),https://www.spc.int/our-work/grants,NOT_FOUND,404,HTTP 404: Not Found,
269,IBSA Fund - India Brazil South Africa Facility for Poverty and Hunger Alleviation,https://www.ibsa-fund.org/apply,DNS_FAILURE,,"[Errno 8] nodename nor servname provided, or not known",
264,MBZUAI - Mohamed bin Zayed University of Artificial Intelligence,https://mbzuai.ac.ae/research/fellowships/,NOT_FOUND,404,HTTP 404: Not Found,
265,KAUST - King Abdullah University of Science and Technology,https://www.kaust.edu.sa/en/research/grants,OK,200,,https://www.kaust.edu.sa/en/error/404?404;https://www.kaust.edu.sa:443/en/research/grants
261,ASTF - Arab Science and Technology Foundation,https://www.astf.net/grants,OK,200,,https://astf.net/
268,AFAC - Arab Fund for Arts and Culture,https://www.arabculturefund.org/Grants.aspx,NOT_FOUND,404,HTTP 404: Not Found,
275,Türk Akademisi - Turkish World Academy of Sciences,https://www.turkakad.org/en/call-for-proposals,DNS_FAILURE,,"[Errno 8] nodename nor servname provided, or not known",
267,Khalifa University Research Grants,https://www.ku.ac.ae/research/research-grants,NOT_FOUND,404,HTTP 404: Not Found,
270,UNOSSC - UN Office for South-South Cooperation,https://www.unsouthsouth.org/about/funding/,NOT_FOUND,404,HTTP 404: Not Found,
277,CIS Interstate Fund for Humanitarian Cooperation,https://www.cishumanitarian.ru/en/grants,DNS_FAILURE,,"[Errno 8] nodename nor servname provided, or not known",
273,SCO - Shanghai Cooperation Organisation Science Programs,https://www.sectsco.org/EN/show.asp?id=97,NOT_FOUND,404,HTTP 404: Not Found,
255,DST INSPIRE India - Innovation in Science Pursuit for Inspired Research,https://www.inspire-dst.gov.in/fellowship.html,DNS_FAILURE,,"[Errno 8] nodename nor servname provided, or not known",
281,Serbian Science Fund,https://fondzanauku.rs/pozivi/,DNS_FAILURE,,"[Errno 8] nodename nor servname provided, or not known",
266,HBKU - Hamad Bin Khalifa University Research,https://www.hbku.edu.qa/en/research,OK,200,,https://research.hbku.edu.qa/
271,Brazil ABC - Brazilian Cooperation Agency,https://www.abc.gov.br/cooperacaotecnica/projetos,NOT_FOUND,404,HTTP 404: Not Found,
276,South Centre - Research Grants,https://www.southcentre.int/opportunities/,NOT_FOUND,404,HTTP 404: Not Found,
279,Hungarian NKFIH - National Research Development and Innovation Office,https://nkfih.gov.hu/english,OK,200,,
274,ECO Science Foundation - Economic Cooperation Organization,https://www.ecosf.org/grants,NOT_FOUND,404,HTTP 404: Not Found,
280,Bulgarian NSF - National Science Fund,https://www.bnsf.bg/en/projects-calls,UNKNOWN_ERROR,,Remote end closed connection without response,
284,Lithuanian Research Council,https://www.lmt.lt/en/calls/,FORBIDDEN,403,HTTP 403: Forbidden,
289,ANSTI - African Network of Scientific and Technological Institutions,https://www.ansti.org/opportunities/,DNS_FAILURE,,"[Errno 8] nodename nor servname provided, or not known",
285,Slovenian Research and Innovation Agency (ARIS),https://www.aris.si/en/calls-for-proposals/,NOT_FOUND,404,HTTP 404: Not Found,
288,WIPO GREEN Technology Transfer,https://www3.wipo.int/wipogreen/en/,OK,200,,
272,TIKA - Turkish Cooperation and Coordination Agency,https://www.tika.gov.tr/en/pages/scholarships,NOT_FOUND,404,HTTP 404: Not Found,
293,Carnegie African Diaspora Fellowship Program,https://carnegieafricandff.org/,DNS_FAILURE,,"[Errno 8] nodename nor servname provided, or not known",
290,TWAS Research Grants Program,https://twas.org/opportunities/grants/research-grants-programme,NOT_FOUND,404,HTTP 404: Not Found,
282,Estonian Research Council,https://www.etag.ee/en/funding/,OK,200,,https://etag.ee/en/funding/
296,AFRICA-AI-JAPAN Project,https://africa-ai-japan.org/opportunities/,DNS_FAILURE,,"[Errno 8] nodename nor servname provided, or not known",
287,Ukrainian NAS Research Funds,https://www.nas.gov.ua/UA/Messages/Pages/default.aspx,TEMPORARY_ERROR,503,HTTP 503: Service Unavailable,
298,Mastercard Foundation Scholars Program Direct,https://mastercardfdn.org/all/scholars/,OK,200,,https://mastercardfdn.org/en/what-we-do/our-programs/mastercard-foundation-scholars-program/
292,TWAS-COMSTECH Fellowships,https://twas.org/opportunity/twas-comstech-postgraduate-fellowship-programme,NOT_FOUND,404,HTTP 404: Not Found,
278,Romanian UEFISCDI - Executive Agency for Higher Education Research Development and Innovation Funding,https://uefiscdi.gov.ro/open-calls,NOT_FOUND,404,HTTP 404: Not Found,
291,TWAS-CSIR Postdoctoral Fellowships,https://twas.org/opportunity/twas-csir-postdoctoral-fellowship-programme,OK,200,,
294,AWARD - African Women in Agricultural Research and Development,https://www.awardafrica.org/award-program/,TEMPORARY_ERROR,503,HTTP 503: Service Unavailable,
301,Lacuna Fund - Datasets for AI,https://lacunafund.org/apply/,OK,200,,
295,African Postdoctoral Training Initiative (APTI),https://www.aasciences.africa/apti,NOT_FOUND,404,HTTP 404: Not Found,
297,DAAD In-Africa Scholarship Programme,https://www.daad.de/en/studying-in-germany/scholarships/daad-scholarships/in-africa/,NOT_FOUND,404,HTTP 404: Not Found,
299,African Institute for Mathematical Sciences (AIMS) Fellowships,https://www.nexteinstein.org/fellowship/,URL_ERROR,,[SSL: TLSV1_UNRECOGNIZED_NAME] tlsv1 unrecognized name (_ssl.c:1032),
302,AI4D - Artificial Intelligence for Development,https://ai4d.ai/open-calls/,NOT_FOUND,404,HTTP 404: Not Found,
306,Masakhane Research Grants,https://www.masakhane.io/get-involved,NOT_FOUND,404,HTTP 404: Not Found,
303,Deep Learning Indaba Grants,https://deeplearningindaba.com/2024/funding/,NOT_FOUND,404,HTTP 404: Not Found,
307,CCAFS - CGIAR Research Program on Climate Change Agriculture and Food Security,https://ccafs.cgiar.org/funding,NOT_FOUND,404,HTTP 404: Not Found,
309,FCDO Global Health Research Initiative,https://www.gov.uk/guidance/global-health-research-funding,NOT_FOUND,404,HTTP 404: Not Found,
283,Latvian Council of Science,https://www.lzp.gov.lv/en/calls-for-proposals/,NOT_FOUND,404,HTTP 404: Not Found,
308,Wellcome Africa Asia Programmes,https://wellcome.org/grant-funding/schemes/african-and-asian-programmes,NOT_FOUND,404,HTTP 404: Not Found,
300,MasterCard Foundation AfriLabs Research Grants,https://www.afrilabs.com/grants/,NOT_FOUND,404,HTTP 404: Not Found,
315,Sasakawa Africa Association,https://www.sasakawa.org/activity/?tag=grants,DNS_FAILURE,,"[Errno 8] nodename nor servname provided, or not known",
305,Lelapa AI Research Grants,https://lelapa.ai/research/,NOT_FOUND,404,HTTP 404: Not Found,
314,Korea Foundation for International Cultural Exchange (KOFICE),https://www.kofice.or.kr/eng/programs/programs_list.do,NOT_FOUND,404,HTTP 404: 404,
304,Data Science Africa Fellowship,https://www.datascienceafrica.org/fellowship,NOT_FOUND,404,HTTP 404: Not Found,
317,JICA Research Institute Visiting Fellows,https://www.jica.go.jp/jica-ri/fellow/,NOT_FOUND,404,HTTP 404: Not Found,
316,Nippon Foundation Ocean Research Grants,https://www.nippon-foundation.or.jp/en/grant_application/ocean.html,NOT_FOUND,404,HTTP 404: Not Found,
310,Grand Challenges Canada,https://www.grandchallenges.ca/funding-opportunities/,OK,200,,https://www.grandchallenges.ca/apply-for-funding/
320,TICAD - Tokyo International Conference on African Development Research Component,https://www.mofa.go.jp/af/af1/page23e_000782.html,FORBIDDEN,403,HTTP 403: Forbidden,
323,Urgent Action Fund Africa,https://urgentactionfund-africa.org/apply/,DNS_FAILURE,,"[Errno 8] nodename nor servname provided, or not known",
319,Korea International Cooperation Agency KOICA ODA Research,https://www.koica.go.kr/sites/koica_en/index.do,UNKNOWN_ERROR,,Remote end closed connection without response,
325,East Africa Philanthropy Network,https://eastafricaphilanthropy.org/,DNS_FAILURE,,"[Errno 8] nodename nor servname provided, or not known",
312,CGIAR Excellence in Agronomy Initiative,https://www.cgiar.org/research/program-platform/excellence-in-agronomy/,NOT_FOUND,404,HTTP 404: Not Found,
327,African Philanthropy Network,https://africanphilanthropynetwork.org/resources/,DNS_FAILURE,,"[Errno 8] nodename nor servname provided, or not known",
311,IDRC AI4D Africa Scholarships,https://idrc.ca/en/research-in-action/ai4d-africa-scholarship-program,NOT_FOUND,404,HTTP 404: Not Found,
318,MIC - Ministry of Internal Affairs and Communications Japan ICT Grants,https://www.soumu.go.jp/english/,OK,200,,
286,Croatian Science Foundation,https://hrzz.hr/en/funding/open-calls/,OK,200,,https://hrzz.hr/en/project-application/open-calls/
313,Aga Khan Development Network (AKDN) Research Grants,https://www.akdn.org/our-work/research-and-development,NOT_FOUND,404,HTTP 404: Not Found,
234,SENACYT - National Secretariat of Science Technology and Innovation Panama,https://www.senacyt.gob.pa/convocatorias/,UNKNOWN_ERROR,,The read operation timed out,
328,GEF Small Grants Programme,https://sgp.undp.org/apply-for-grants.html,NOT_FOUND,404,HTTP 404: Not Found,
329,Critical Ecosystem Partnership Fund (CEPF),https://www.cepf.net/grants/getting-grant,NOT_FOUND,404,HTTP 404: Not Found,
330,Global Greengrants Fund,https://www.greengrants.org/grants/apply/,NOT_FOUND,404,HTTP 404: Not Found,
335,MEST Africa,https://mestafrika.com/apply/,DNS_FAILURE,,"[Errno 8] nodename nor servname provided, or not known",
324,Kenya Community Development Foundation (KCDF),https://kcdf.or.ke/programmes/grants/,NOT_FOUND,404,HTTP 404: Not Found,
331,Thousand Currents (formerly IDEX),https://thousandcurrents.org/our-grantees/,NOT_FOUND,404,HTTP 404: Not Found,
334,CcHUB - Co-creation Hub Nigeria,https://cchubnigeria.com/programs/,NOT_FOUND,404,HTTP 404: Not Found,
333,Both ENDS,https://www.bothends.org/en/What-we-do/Grants/,NOT_FOUND,404,HTTP 404: Not Found,
336,Norrsken East Africa,https://www.norrsken.org/east-africa,NOT_FOUND,404,HTTP 404: Not Found,
321,AWDF - African Women's Development Fund,https://awdf.org/grants/,OK,200,,
326,Global Fund for Community Foundations (GFCF),https://globalfundcommunityfoundations.org/grants/,OK,200,,https://globalfundcommunityfoundations.org/what-we-do/grants/
332,Hivos - Humanist Institute for Cooperation,https://hivos.org/programs/,OK,200,,
337,Impact Hub Network - Africa,https://impacthub.net/become-a-member/,NOT_FOUND,404,HTTP 404: Not Found,
346,iNNOVATE Peru - Startup Peru,https://innovateperu.gob.pe/convocatorias/,DNS_FAILURE,,"[Errno 8] nodename nor servname provided, or not known",
341,Inter-American Foundation (IAF),https://www.iaf.gov/grants/,OK,200,,
342,Avina Foundation,https://www.avina.net/convocatorias/,NOT_FOUND,404,HTTP 404: Not Found,
349,Instituto Clima e Sociedade (iCS),https://institutoclima.org.br/convocatorias/,DNS_FAILURE,,"[Errno 8] nodename nor servname provided, or not known",
340,African Climate Foundation,https://africanclimatefoundation.org/apply/,NOT_FOUND,404,HTTP 404: Not Found,
344,Startup Chile,https://www.startupchile.org/programs/,NOT_FOUND,404,HTTP 404: Not Found,
352,Asfari Foundation,https://www.asfarifoundation.org/grants/,DNS_FAILURE,,"[Errno 8] nodename nor servname provided, or not known",
343,CLAD - Centro Latinoamericano de Administración para el Desarrollo,https://www.clad.org/convocatorias/,OK,200,,
353,Arab Human Rights Fund (AHRF),https://www.arabhumanrightsfund.org/grants/,DNS_FAILURE,,"[Errno 8] nodename nor servname provided, or not known",
348,Fundar Mexico,https://fundar.org.mx/convocatorias/,NOT_FOUND,404,HTTP 404: Not Found,
345,CORFO Chile Innovation Grants,https://www.corfo.cl/sites/cpp/convocatorias,UNKNOWN_ERROR,,[Errno 54] Connection reset by peer,
347,Wayra - Telefonica Open Future LatAm,https://wayra.com/open-calls/,NOT_FOUND,404,HTTP 404: Not Found,
355,Welfare Association Palestine,https://www.welfare-association.org/grants/,NOT_FOUND,404,HTTP 404: Not Found,
351,Amazon Conservation Association,https://www.amazonconservation.org/grants/,NOT_FOUND,404,HTTP 404: Not Found,
356,Heinrich Böll Foundation - Regional Offices,https://www.boell.de/en/grants,TEMPORARY_ERROR,503,HTTP 503: Service Temporarily Unavailable,
357,Friedrich-Ebert-Stiftung (FES) - Regional Offices,https://www.fes.de/en/,OK,200,,
358,Friedrich Naumann Foundation - Regional Offices,https://www.freiheit.org/grant-funding,NOT_FOUND,404,HTTP 404: Not Found,
354,A.M. Qattan Foundation,https://www.qattanfoundation.org/en/grants,OK,200,,
364,Urgent Action Fund - Asia and Pacific,https://urgentactionfund-asiapacific.org/apply/,DNS_FAILURE,,"[Errno 8] nodename nor servname provided, or not known",
350,RedLAC - Latin American and Caribbean Environmental Funds Network,https://www.redlac.org/convocatorias/,NOT_FOUND,404,HTTP 404: Not Found,
361,Black Sea Trust for Regional Cooperation,https://www.gmfus.org/black-sea-trust,NOT_FOUND,404,HTTP 404: Not Found,
359,Konrad-Adenauer-Stiftung (KAS) - Regional Offices,https://www.kas.de/en/grants,FORBIDDEN,403,HTTP 403: Forbidden,
362,Stefan Batory Foundation,https://www.batory.org.pl/en/grants/,OK,200,,
367,Global Fund for Human Rights,https://globalfundforhumanrights.org/apply/,DNS_FAILURE,,"[Errno 8] nodename nor servname provided, or not known",
370,Tearfund Research Grants,https://www.tearfund.org/about-us/how-we-work/research-and-grants,FORBIDDEN,403,HTTP 403: Forbidden,
360,Caucasus Research Resource Centers (CRRC),https://crrc.ge/grants/,NOT_FOUND,404,HTTP 404: Not Found,
366,Front Line Defenders,https://www.frontlinedefenders.org/en/programme/grants,NOT_FOUND,404,HTTP 404: Not Found,
365,CIVICUS - World Alliance for Citizen Participation,https://civicus.org/index.php/what-we-do/defend/civil-society-defence-fund,NOT_FOUND,404,HTTP 404: Not Found,
338,ActivSpaces Cameroon,https://activspaces.com/programs/,OK,200,,https://www.activspaces.com/programs/
371,Christian Aid Research Fund,https://www.christianaid.org.uk/about-us/jobs-and-volunteering/research,NOT_FOUND,404,HTTP 404: Not Found,
374,Bread for the World Institute,https://www.bread.org/article/grants/,NOT_FOUND,404,HTTP 404: Not Found,
369,Islamic Relief Worldwide Research Grants,https://www.islamic-relief.org/research/,NOT_FOUND,404,HTTP 404: Not Found,
363,Urgent Action Fund - Latin America,https://urgentactionfund-latinamerica.org/apply/,NOT_FOUND,404,HTTP 404: Not Found,
372,DanChurchAid,https://www.danchurchaid.org/partner-with-us/call-for-proposals,NOT_FOUND,404,HTTP 404: Not Found,
376,American University in Cairo Research Grants,https://www.aucegypt.edu/research/grants,NOT_FOUND,404,HTTP 404: Not Found,
373,Norwegian Church Aid,https://www.kirkensnodhjelp.no/en/partner-with-us/grants/,NOT_FOUND,404,HTTP 404: Not Found,
368,ACT Alliance - Action by Churches Together,https://actalliance.org/funding/,OK,200,,https://actalliance.org/
378,African Population and Health Research Center (APHRC),https://aphrc.org/fellowships/,NOT_FOUND,404,HTTP 404: Not Found,
380,Centre for Internet and Society India (CIS),https://cis-india.org/internet-governance/grants,NOT_FOUND,404,HTTP 404: Not Found,
379,IMAZON - Instituto do Homem e Meio Ambiente da Amazônia,https://imazon.org.br/publicacoes/,NOT_FOUND,404,HTTP 404: Not Found,
386,ANSA-EAP - Affiliated Network for Social Accountability in East Asia and the Pacific,https://www.ansa-eap.net/grants/,DNS_FAILURE,,"[Errno 8] nodename nor servname provided, or not known",
375,American University of Beirut Research Grants,https://www.aub.edu.lb/research/Pages/funding.aspx,OK,200,,
381,IT for Change India,https://itforchange.net/grants,NOT_FOUND,404,HTTP 404: Not Found,
389,Community Technology Empowerment Network (CTEN) Nepal,https://www.cten.org.np/grants,DNS_FAILURE,,"[Errno 8] nodename nor servname provided, or not known",
385,Startup India Seed Fund,https://seedfund.startupindia.gov.in/,OK,200,,
391,Pacific Community Foundation,https://www.pacificcommunityfoundation.org/grants,DNS_FAILURE,,"[Errno 8] nodename nor servname provided, or not known",
392,SPREP Small Grants,https://www.sprep.org/funding-and-grants/small-grants,FORBIDDEN,403,HTTP 403: Forbidden,
387,Philippine Business for Social Progress (PBSP),https://www.pbsp.org.ph/grants,NOT_FOUND,404,HTTP 404: Not Found,
393,Foundation of the Peoples of the South Pacific International (FSPI),https://www.fspi.org.fj/grants/,DNS_FAILURE,,"[Errno 8] nodename nor servname provided, or not known",
382,Foundation for Ecological Security (FES India),https://www.fes.org.in/grants.html,HTTP_500,500,HTTP 500: Internal Server Error,
384,Digital Empowerment Foundation India,https://defindia.org/grants/,NOT_FOUND,404,HTTP 404: Not Found,
383,Deshpande Foundation Hubli Sandbox,https://www.deshpandefoundation.org/what-we-do/hubli-sandbox,OK,200,,
398,Grassroots Innovation Augmentation Network (GIAN) India,https://www.gianngo.org/grants/,DNS_FAILURE,,"[Errno 8] nodename nor servname provided, or not known",
388,Heinrich Böll Foundation Southeast Asia,https://th.boell.org/en/grants,TEMPORARY_ERROR,503,HTTP 503: Service Temporarily Unavailable,
390,Asian Institute of Technology Fellowships,https://www.ait.ac.th/research/research-funding/,NOT_FOUND,404,HTTP 404: Not Found,
322,TrustAfrica,https://trustafrica.org/grants/,HTTP_301,301,"HTTP 301: The HTTP server returned a redirect error that would lead to an infinite loop.
The last 30x error message was:
Moved Permanently",
394,oxfam.org Research Fund,https://www.oxfam.org/en/research/research-grants,NOT_FOUND,404,HTTP 404: Not Found,
399,Andes Amazon Fund Small Grants,https://www.andesamazon.org/grants/,NOT_FOUND,404,HTTP 404: Not Found,
395,ActionAid International Small Grants,https://www.actionaid.org/research/grants,NOT_FOUND,404,HTTP 404: Not Found,
397,Akili Dada Kenya,https://www.akilidada.org/fellowship,NOT_FOUND,404,HTTP 404: Not Found,
377,Makerere Institute of Social Research (MISR),https://www.misr.mak.ac.ug/fellowships,NOT_FOUND,404,HTTP 404: Not Found,
405,African Women's Impact Fund,https://awif.org/apply/,OK,200,,
402,Mama Cash,https://www.mamacash.org/apply-for-funding/,NOT_FOUND,404,HTTP 404: Not Found,
401,Kvinna till Kvinna Foundation,https://www.kvinnatillkvinna.se/apply-for-support/,NOT_FOUND,404,HTTP 404: Not Found,
400,Africa No Filter,https://africanofilter.org/grants/,NOT_FOUND,404,HTTP 404: Not Found,
409,Spark Microgrants,https://www.sparkmicrogrants.org/,OK,200,,
408,Pollination Project,https://thepollinationproject.org/apply/,OK,200,,
403,Global Fund for Women,https://www.globalfundforwomen.org/apply/,NOT_FOUND,404,HTTP 404: Not Found,
396,FEMNET - African Women's Development and Communication Network,https://www.femnet.org/grants/,NOT_FOUND,404,HTTP 404: Not Found,
407,Astraea Lesbian Foundation for Justice,https://www.astraeafoundation.org/grants/,OK,200,,https://astraeafoundation.org/grants/
412,Echoing Green Black Male Achievement Fellowship,https://echoinggreen.org/fellowship/black-male-achievement/,NOT_FOUND,404,HTTP 404: Not Found,
406,Prospera International Network of Women's Funds,https://prospera-inwf.org/member-funds/,OK,200,,
410,Village Capital,https://vilcap.com/programs,OK,200,,
411,Shuttleworth Foundation,https://shuttleworthfoundation.org/apply/,OK,200,,https://www.shuttleworthfoundation.org/apply/
419,Internews Earth Journalism Network Grants,https://earthjournalism.net/grants,FORBIDDEN,403,HTTP 403: Forbidden,
417,ISEAL Alliance Innovation Fund,https://www.isealalliance.org/get-involved/grant-opportunities,NOT_FOUND,404,HTTP 404: Not Found,
422,MTN Foundation Nigeria,https://www.mtnfoundation.org/apply/,DNS_FAILURE,,"[Errno 8] nodename nor servname provided, or not known",
418,Open Technology Fund (OTF),https://www.opentech.fund/funds/,OK,200,,
415,UniCredit Foundation,https://www.unicreditfoundation.org/en/calls.html,NOT_FOUND,404,HTTP 404: Not Found,
413,Pacific Fund New Zealand,https://www.mfat.govt.nz/en/aid-and-development/our-work-in-the-pacific/pacific-fund/,NOT_FOUND,404,HTTP 404: Not Found,
424,Dangote Foundation,https://www.dangote.com/dangote-foundation/grants/,NOT_FOUND,404,HTTP 404: Not Found,
416,Luminos Fund,https://www.luminosfund.org/,OK,200,,https://luminosfund.org/
420,Code for All Grants,https://codeforall.org/grants/,NOT_FOUND,404,HTTP 404: Not Found,
404,Fondo Centroamericano de Mujeres (FCAM),https://www.fcam.org/convocatorias/,NOT_FOUND,404,HTTP 404: Not Found,
339,Outbox Uganda,https://outbox.co.ug/programs/,URL_ERROR,,timed out,
429,Code for Africa,https://codeforafrica.org/grants/,NOT_FOUND,404,HTTP 404: Not Found,
421,Safaricom Foundation,https://www.safaricomfoundation.org/grants/,NOT_FOUND,404,HTTP 404: Not Found,
432,Internews Grants,https://internews.org/our-approach/grants/,FORBIDDEN,403,HTTP 403: Forbidden,
431,ICFJ - International Center for Journalists,https://www.icfj.org/our-work/fellowships-grants,NOT_FOUND,404,HTTP 404: Not Found,
428,Orange Foundation Africa,https://www.orange.com/en/orange-foundation/,NOT_FOUND,404,HTTP 404: Not Found,
435,Internews Earth Journalism Network Africa,https://earthjournalism.net/grants/africa,FORBIDDEN,403,HTTP 403: Forbidden,
436,Cultural Survival Grants,https://www.culturalsurvival.org/grants,NOT_FOUND,404,HTTP 404: Not Found,
427,Vodacom Foundation South Africa,https://www.vodacom.com/corporate-responsibility/foundation.php,NOT_FOUND,404,HTTP 404: Not Found,
439,Interamerican Foundation for Indigenous Rights,https://www.iaipr.org/grants/,DNS_FAILURE,,"[Errno 8] nodename nor servname provided, or not known",
434,ICIJ - International Consortium of Investigative Journalists,https://www.icij.org/collaborate/grants/,NOT_FOUND,404,HTTP 404: Not Found,
433,Thomson Reuters Foundation Grants,https://www.trust.org/resources/,OK,200,,https://www.trust.org/training-resources/resources/
442,Endangered Language Fund,https://www.endangeredlanguagefund.org/grants.html,URL_ERROR,,[SSL: SSLV3_ALERT_HANDSHAKE_FAILURE] sslv3 alert handshake failure (_ssl.c:1032),
437,First Peoples Worldwide,https://www.firstpeoples.org/grants,OK,200,,https://firstpeoples.org/grants/
444,Firebird Foundation for Anthropological Research,https://firebirdanthro.org/grants/,DNS_FAILURE,,"[Errno 8] nodename nor servname provided, or not known",
438,Christensen Fund,https://www.christensenfund.org/grants/,NOT_FOUND,404,HTTP 404: Not Found,
425,Equity Foundation Kenya,https://www.equitygroupfoundation.com/wings-to-fly,OK,200,,https://equitygroupfoundation.com/wings-to-fly/
441,Survival International,https://www.survivalinternational.org/grants/,NOT_FOUND,404,HTTP 404: Not Found,
426,Stanbic Bank Foundation Ghana,https://www.stanbicbank.com.gh/ghana/personal/about-us/stanbic-foundation,NOT_FOUND,404,HTTP 404: Not Found,
440,Forest Peoples Programme,https://www.forestpeoples.org/en/grants,NOT_FOUND,404,HTTP 404: Not Found,
448,Oxfam GROW Campaign Grants,https://www.oxfam.org/en/grow/grants,NOT_FOUND,404,HTTP 404: Not Found,
443,ELDP - Endangered Languages Documentation Programme,https://www.eldp.net/grants/,OK,200,,https://www.eldp.net/
452,IPPF - International Planned Parenthood Federation Grants,https://www.ippf.org/resource/grants,FORBIDDEN,403,HTTP 403: Forbidden,
414,Tonga Development Bank Grants,https://www.tdb.to/products/grants,NOT_FOUND,404,HTTP 404: Not Found,
447,IFOAM Organics International Grants,https://www.ifoam.bio/en/grants,NOT_FOUND,404,HTTP 404: Not Found,
454,MSF Foundation Research Grants,https://www.msf.org/grants-msf-foundation,FORBIDDEN,403,HTTP 403: Forbidden,
455,African Leaders Malaria Alliance (ALMA) Research,https://www.almaliance.org/grants/,DNS_FAILURE,,"[Errno 8] nodename nor servname provided, or not known",
449,CBM - Christian Blind Mission Global,https://www.cbm.org/grants/,NOT_FOUND,404,HTTP 404: Not Found,
450,Light for the World,https://www.light-for-the-world.org/en/grants,OK,200,,https://www.light-for-the-world.org/
458,Indonesian National Research Priority Fund (BRIN Flagship),https://brin.go.id/en/flagship-research/,NOT_FOUND,404,HTTP 404: Not Found,
445,Agroecology Fund,https://www.agroecologyfund.org/apply/,NOT_FOUND,404,HTTP 404: Not Found,
456,APHRC Small Grants Programme,https://aphrc.org/small-grants/,NOT_FOUND,404,HTTP 404: Not Found,
461,Lao National Authority for Science and Technology (NAST Lao),https://www.most.gov.la/en/grants,DNS_FAILURE,,"[Errno 8] nodename nor servname provided, or not known",
451,Inclusion International,https://www.inclusion-international.org/grants/,NOT_FOUND,404,HTTP 404: Not Found,
463,FNRSF - Senegalese National Research Fund,https://www.anrs.sn/appels-a-projets/,DNS_FAILURE,,"[Errno 8] nodename nor servname provided, or not known",
430,Media Foundation for West Africa,https://www.mfwa.org/grants/,OK,200,,https://mfwa.org/grants-available-for-environmental-reporting/
446,GRAIN,https://www.grain.org/en/article/grants,NOT_FOUND,404,HTTP 404: Not Found,
457,Thailand Research Fund (TRF),https://www.trf.or.th/en/funding,NOT_FOUND,404,HTTP 404: Not Found,
460,Cambodia Ministry of Education Research Grants,https://www.moeys.gov.kh/en/grants.html,OK,200,,https://moeys.gov.kh/en/grants.html
462,Myanmar Universities Research Fund (pre-2021 context),https://www.moee.gov.mm/,OK,200,,https://www.moep.gov.mm/
466,Botswana National Research and Innovation Council (NRIC),https://www.nric.org.bw/grants/,DNS_FAILURE,,"[Errno 8] nodename nor servname provided, or not known",
469,CARICOM Development Fund Grants,https://www.cdf.caricom.org/grants/,DNS_FAILURE,,"[Errno 8] nodename nor servname provided, or not known",
453,International HIV/AIDS Alliance,https://www.hivalliance.org/grants/,NOT_FOUND,404,HTTP 404: Not Found,
471,Suriname Foundation for Promotion of Scientific Research (WOTRO),https://www.nvs.sr/en/grants/,DNS_FAILURE,,"[Errno 8] nodename nor servname provided, or not known",
467,Malawi National Commission for Science and Technology (NCST),https://www.ncst.mw/research-grants/,OK,200,,https://ncst.mw/research-grants-award-presentation-ceremony-5th-february-2020/
475,Pakistan Academy of Sciences Research Grants,https://www.paspk.org/grants/,NOT_FOUND,404,HTTP 404: Not Found,
470,CABEI - Central American Bank for Economic Integration Grants,https://www.bcie.org/en/grants/,DNS_FAILURE,,"[Errno 8] nodename nor servname provided, or not known",
477,Sri Lanka National Academy of Sciences Grants,https://www.slnas.lk/grants/,DNS_FAILURE,,"[Errno 8] nodename nor servname provided, or not known",
472,Jamaica Social Investment Fund (JSIF),https://www.jsif.org/grants/,NOT_FOUND,404,HTTP 404: Not Found,
478,Ghana Academy of Arts and Sciences Research Grants,https://www.gaas.edu.gh/grants/,DNS_FAILURE,,"[Errno 8] nodename nor servname provided, or not known",
480,Ethiopian Academy of Sciences Research Grants,https://www.ethioacad.org/grants/,DNS_FAILURE,,"[Errno 8] nodename nor servname provided, or not known",
476,Bangladesh Academy of Sciences Research Grants,https://www.bas.org.bd/grants/,NOT_FOUND,404,HTTP 404: Not Found,
482,Latin American Academy of Sciences (ACAL) Research Grants,https://www.acal-lac.org/grants/,DNS_FAILURE,,"[Errno 8] nodename nor servname provided, or not known",
423,MTN Foundation South Africa,https://www.mtnfoundation.co.za/grants/,URL_ERROR,,timed out,
474,INSA - Indian National Science Academy Research Grants,https://www.insaindia.res.in/award_scheme.php,NOT_FOUND,404,HTTP 404: Not Found,
485,African Foundation for Development (AFFORD),https://www.afford-uk.com/grants/,DNS_FAILURE,,"[Errno 8] nodename nor servname provided, or not known",
483,Peruvian Academy of Sciences Research Grants,https://www.acciencias.pe/grants/,DNS_FAILURE,,"[Errno 8] nodename nor servname provided, or not known",
487,Caribbean Diaspora Foundation Grants,https://www.caribbeandiaspora.org/grants/,OK,200,,
488,South Asian Diaspora UK Research Grants,https://southasiandiaspora.org.uk/grants/,DNS_FAILURE,,"[Errno 8] nodename nor servname provided, or not known",
459,Vietnam National Foundation for Science and Technology Development (NAFOSTED),https://nafosted.gov.vn/en/,OK,200,,https://nafosted.gov.vn/end-3-year-mandate-scientific-committees-natural-science/
489,CIVICUS Media and Research Fund,https://civicus.org/index.php/what-we-do/inform/civic-space-initiative,NOT_FOUND,404,HTTP 404: Not Found,
486,Latin America in Europe (LAIE) Research Grants,https://www.laie.eu/grants/,NOT_FOUND,404,HTTP 404: Not Found,
492,Article 19 Research Grants,https://www.article19.org/resources/grants/,FORBIDDEN,403,HTTP 403: Forbidden,
491,Transparency International Research Grants,https://www.transparency.org/en/grants,NOT_FOUND,404,HTTP 404: Not Found,
479,Nigerian Academy of Science Research Grants,https://www.nas.org.ng/grants/,NOT_FOUND,404,HTTP 404: Not Found,
494,Access Now Digital Security Helpline and Grants,https://www.accessnow.org/grants/,OK,200,,
468,Lesotho Council on Higher Education Research Fund,https://www.che.ac.ls/research-grants/,NOT_FOUND,404,HTTP 404: Not Found,
490,Global Integrity Research Grants,https://www.globalintegrity.org/grants/,OK,200,,https://gistorageaccount.blob.core.windows.net/$web/index.html
493,Privacy International Research Grants,https://privacyinternational.org/grants,NOT_FOUND,404,HTTP 404: Not Found,
498,Youth Empowerment Sync (YES) Africa Grants,https://www.yesafrica.org/grants/,OK,200,,
484,African Diaspora Network (ADN) Grants,https://www.africandiasporanetwork.org/grants/,NOT_FOUND,404,HTTP 404: Not Found,
500,Commonwealth Youth Council Grants,https://thecommonwealth.org/youth/programs/grants,NOT_FOUND,404,HTTP 404: Not Found,
496,Bytes for All Research Grants,https://www.bytesforall.pk/grants/,NOT_FOUND,404,HTTP 404: Not Found,
501,Anna Lindh Foundation Grants,https://www.annalindhfoundation.org/grants,TEMPORARY_ERROR,503,HTTP 503: Service Unavailable,
502,UNESCO Youth Fund,https://www.unesco.org/en/youth-fund,NOT_FOUND,404,HTTP 404: Not Found,
465,Zimbabwe Research Council Grants,https://www.zimche.ac.zw/research-grants/,NOT_FOUND,404,HTTP 404: Not Found,
497,Asia Internet Coalition Grants,https://www.aicasia.org/grants/,OK,200,,https://aicasia.org/
504,Alliance for Affordable Internet (A4AI) Research Grants,https://a4ai.org/research-grants/,NOT_FOUND,404,HTTP 404: Not Found,
495,Paradigm Initiative Digital Rights Grants,https://paradigmhq.org/grants/,NOT_FOUND,404,HTTP 404: Not Found,
473,Trinidad and Tobago Research and Development Impact Fund,https://www.ttconnect.gov.tt/grants/,NOT_FOUND,404,HTTP 404: Not Found,
503,Pawa254 Community Grants,https://pawa254.org/grants/,NOT_FOUND,404,HTTP 404: Not Found,
509,Social Alpha India,https://socialalpha.com/apply/,DNS_FAILURE,,"[Errno 8] nodename nor servname provided, or not known",
508,Villgro Innovations Foundation,https://villgro.org/apply/,OK,200,,
512,Africa Prize for Engineering Innovation,https://www.africanengineering.com/grants/,OK,200,,
505,ISOC - Internet Society Foundation Grants,https://www.isocfoundation.org/grants/,OK,200,,https://www.isocfoundation.org/grant-programme/
514,Rolex Awards for Enterprise,https://www.rolexawards.com/en/apply,DNS_FAILURE,,"[Errno 8] nodename nor servname provided, or not known",
511,Nesta Challenge Prizes,https://www.nesta.org.uk/grants-and-challenge-prizes/,NOT_FOUND,404,HTTP 404: Not Found,
499,Youthconnekt Africa Hub Grants,https://youthconnektafrica.org/grants/,NOT_FOUND,404,HTTP 404: Not Found,
518,Korea Social Enterprise Promotion Agency (KOSEA) International Grants,https://www.kosea.or.kr/en/grants,DNS_FAILURE,,"[Errno 8] nodename nor servname provided, or not known",
513,Royal Academy of Engineering Frontiers of Development,https://www.raeng.org.uk/grants-and-prizes/international-research-and-collaborations/frontiers-of-development,NOT_FOUND,404,HTTP 404: Not Found,
507,Sankalp Forum Social Enterprise Grants,https://sankalpforum.com/grants/,NOT_FOUND,404,HTTP 404: Not Found,
520,Toyota Foundation Research Grants,https://www.toyotafoundation.jp/en/programs/research/,DNS_FAILURE,,"[Errno 8] nodename nor servname provided, or not known",
521,Mitsubishi Foundation Research Grants,https://www.mitsubishi.com/en/sustainability/grants/,NOT_FOUND,404,HTTP 404: Not Found,
510,Socialab Latin America,https://www.socialab.com/convocatorias/,NOT_FOUND,404,HTTP 404: Not Found,
523,LG Foundation Community Grants,https://www.lgfoundation.co.kr/en/grants/,DNS_FAILURE,,"[Errno 8] nodename nor servname provided, or not known",
464,Cameroon Ministry of Scientific Research Grants,https://www.minresi.gov.cm/appels-a-projets,URL_ERROR,,timed out,
526,Baidu Research Grants,https://research.baidu.com/grants/,DNS_FAILURE,,"[Errno 8] nodename nor servname provided, or not known",
517,New Zealand MFAT Development Programme Grants,https://www.mfat.govt.nz/en/aid-and-development/our-work-in-the-pacific/grants/,NOT_FOUND,404,HTTP 404: Not Found,
522,Samsung Foundation of Culture Grants,https://www.samsungfoundation.org/grants/,HTTP_523,523,HTTP 523: <none>,
519,Japan Foundation for UNited Nations Environment Programme (UNES) Grants,https://www.env.go.jp/en/earth/unu-iigh-grants.html,NOT_FOUND,404,HTTP 404: Not Found,
527,Huawei Seeds for the Future Grants,https://www.huawei.com/en/sustainability/seeds-for-the-future,NOT_FOUND,404,HTTP 404: Not Found,
528,Africa-focused EU Trust Funds,https://ec.europa.eu/trustfund/africa,NOT_FOUND,404,HTTP 404: (Not Found),
481,Kenya Academy of Sciences Research Grants,https://www.kas.or.ke/grants/,NOT_FOUND,404,HTTP 404: Not Found,
515,USAID Development Innovation Ventures (DIV),https://www.usaid.gov/div,NOT_FOUND,404,HTTP 404: Not Found,
530,VVOB - Flemish Association for Development Cooperation Research Grants,https://www.vvob.org/en/research-grants,NOT_FOUND,404,HTTP 404: Not Found,
531,East African Community (EAC) Research Grants,https://www.eac.int/development-initiatives/research-grants,NOT_FOUND,404,HTTP 404: Not Found,
529,Swiss Network for International Studies (SNIS),https://www.snis.ch/grants/,OK,200,,
524,Tencent Rhinoceros Bird Research Fund,https://ur.tencent.com/grants,NOT_FOUND,404,HTTP 404: Not Found,
525,Alibaba DAMO Academy Research Grants,https://damo.alibaba.com/grants/,OK,200,,
533,SADC Science and Technology Grants,https://www.sadc.int/themes/science-technology-innovation/grants/,NOT_FOUND,404,HTTP 404: Not Found,
539,Association of Southeast Asian Institutions of Higher Learning (ASAIHL) Grants,https://asaihl.org/grants/,FORBIDDEN,403,HTTP 403: Forbidden,
535,CARICOM Secretariat Research Grants,https://caricom.org/our-work/research-grants/,NOT_FOUND,404,HTTP 404: Not Found,
532,ECOWAS Bank for Investment and Development (EBID) Research Grants,https://www.bidc-ebid.org/en/grants/,OK,200,,https://www.bidc-ebid.org/en/services/grants/
534,Pacific Islands Development Forum (PIDF) Grants,https://www.pidf.int/grants/,NOT_FOUND,404,HTTP 404: Not Found,
543,Network of East Asian Think-tanks (NEAT) Research Grants,https://www.neat.org.cn/grants/,DNS_FAILURE,,"[Errno 8] nodename nor servname provided, or not known",
544,SEACEN Research and Training Centre Grants,https://www.seacen.org/research/grants/,NOT_FOUND,404,HTTP 404: Not Found,
536,Indian Ocean Commission Research Grants,https://commissionoceanindien.org/en/research-grants/,NOT_FOUND,404,HTTP 404: Not Found,
546,Regional Centre for Strategic Studies (RCSS) Grants,https://rcss.org/grants/,FORBIDDEN,403,HTTP 403: Forbidden,
547,South Asian Free Media Association (SAFMA) Research Grants,https://www.safma.net/grants/,DNS_FAILURE,,"[Errno 8] nodename nor servname provided, or not known",
545,Institute of Southeast Asian Studies (ISEAS) Fellowships,https://www.iseas.edu.sg/research/fellowships/,OK,200,,https://www.iseas.edu.sg/about-us/opportunities/fellowships
542,APRU - Association of Pacific Rim Universities Research Fund,https://apru.org/our-work/research-grants/,NOT_FOUND,404,HTTP 404: Not Found,
549,SANDEE - South Asian Network for Development and Environmental Economics,https://sandeeonline.org/grants/,NOT_FOUND,404,HTTP 404: Not Found,
538,Gulf Research Council Grants,https://www.gulfresearchmeeting.net/grants/,OK,200,,https://www.gulfresearchmeeting.net/
548,Centre for Policy Dialogue (CPD) Bangladesh Grants,https://cpd.org.bd/research-grants/,NOT_FOUND,404,HTTP 404: Not Found,
541,Association of African Universities (AAU) Research Grants,https://www.aau.org/grants/,NOT_FOUND,404,HTTP 404: Not Found,
550,Prayas Energy Group Research Grants,https://prayaspune.org/peg/grants.html,NOT_FOUND,404,HTTP 404: Not Found,
506,Web Foundation Research Grants,https://webfoundation.org/grants/,UNKNOWN_ERROR,,The read operation timed out,
516,DFAT Australia Pacific Research Grants,https://www.dfat.gov.au/geo/pacific/development-assistance/grants,UNKNOWN_ERROR,,The read operation timed out,
540,SARUA - Southern African Regional Universities Association Research Grants,https://www.sarua.org/grants/,URL_ERROR,,timed out,
537,Arab Thought Foundation Grants,https://www.arabthought.org/en/grants/,UNKNOWN_ERROR,,The read operation timed out,
